platform,channel_name,channel_display_name,channel_id,hours_watched,peak_viewers,average_viewers,airtime_in_m,followers_gain,live_views,last_streamed_game,avatar_url,channel_country,stream_language,partnership_status,channel_type
twitch,dota2ti,dota2ti,35630634,8012278,303014,160783,2990,72215,21781196,Dota 2,https://static-cdn.jtvnw.net/jtv_user_pictures/19b286b5-d586-433b-91fa-6070640fc8a3-profile_image-300x300.png,,en,partner,Organization
twitch,riotgames,Riot Games,36029255,5647200,449789,132876,2550,34642,11427513,League of Legends,https://static-cdn.jtvnw.net/jtv_user_pictures/687eca1d-7479-4770-ab2c-fdac418e6c08-profile_image-300x300.png,,en,partner,Organization
twitch,nix,Nix,67708794,3969998,171805,63691,3740,28092,9232276,Dota 2,https://static-cdn.jtvnw.net/jtv_user_pictures/c8ff98b9-b235-47c1-8079-ad10f5099dc2-profile_image-300x300.png,RU,ru,partner,Male
twitch,dota2ti_ru,dota2ti_ru,35631192,2998145,149861,59765,3010,25595,13543432,Dota 2,https://static-cdn.jtvnw.net/jtv_user_pictures/7166a1ba-75aa-44cc-bd8b-4a6d8b32b3c0-profile_image-300x300.png,,ru,partner,Organization
twitch,ibai,ibai,83232866,2978093,614157,68991,2590,60724,11662408,Sports,https://static-cdn.jtvnw.net/jtv_user_pictures/574228be-01ef-4eab-bc0e-a4f6b68bedba-profile_image-300x300.png,ES,es,partner,Male
twitch,xqc,xQc,71092938,2602526,89223,61966,2520,23839,6963851,Overwatch 2,https://static-cdn.jtvnw.net/jtv_user_pictures/xqc-profile_image-9298dca608632101-300x300.jpeg,CA,en,partner,Male
twitch,gaules,Gaules,181077473,2248118,58383,13389,10075,6331,4690397,Counter-Strike: Global Offensive,https://static-cdn.jtvnw.net/jtv_user_pictures/f4b12683-57ff-4b57-926a-67512b43a7ff-profile_image-300x300.png,BR,pt,partner,Male
twitch,eliasn97,eliasn97,238813810,1685208,90899,36503,2770,8731,2177599,FIFA 23,https://static-cdn.jtvnw.net/jtv_user_pictures/4fb94c7a-b4c0-4ed1-9782-b630a59915d5-profile_image-300x300.png,DE,de,partner,Male
twitch,just_ns,just_ns,42316376,1642892,57317,24583,4010,6634,3678566,Dota 2,https://static-cdn.jtvnw.net/jtv_user_pictures/d61321a5-9a02-4f46-b718-70e3c4260d66-profile_image-300x300.png,RU,ru,partner,Male
twitch,lck_korea,LCK_Korea,190835892,1588647,218620,80779,1180,5300,5865416,League of Legends,https://static-cdn.jtvnw.net/jtv_user_pictures/7a701887-d5fa-4ee8-b277-766d37d3df4b-profile_image-300x300.png,KR,ko,partner,Organization
twitch,pgl_dota2,PGL_Dota2,87056709,1563082,137804,60507,1550,9787,7241043,Dota 2,https://static-cdn.jtvnw.net/jtv_user_pictures/356322d8-9ed7-463b-bc36-7798a03bacbe-profile_image-300x300.png,RO,en,partner,Organization
twitch,illojuan,IlloJuan,90075649,1519424,172545,51652,1765,20843,5221101,Pokémon Community Game,https://static-cdn.jtvnw.net/jtv_user_pictures/37454f0e-581b-42ba-b95b-416f3113fd37-profile_image-300x300.png,ES,es,partner,Male
twitch,hasanabi,HasanAbi,207813352,1519005,42783,27086,3365,7740,4192752,Just Chatting,https://static-cdn.jtvnw.net/jtv_user_pictures/0347a9aa-e396-49a5-b0f1-31261704bab8-profile_image-300x300.jpeg,US,en,partner,Male
twitch,loud_coringa,loud_coringa,569325723,1503515,61460,23929,3770,16425,6342549,Grand Theft Auto V,https://static-cdn.jtvnw.net/jtv_user_pictures/c07acddc-1e1b-479f-97c4-09636f80e857-profile_image-300x300.png,BR,pt,partner,Male
twitch,auronplay,auronplay,459331509,1450025,112900,66414,1310,29273,6408664,Minecraft,https://static-cdn.jtvnw.net/jtv_user_pictures/ec898e4a-e0df-4dc0-a99d-7540c6dbe1e8-profile_image-300x300.png,ES,es,partner,Male
twitch,blastpremier,BLASTPremier,163299585,1412749,74020,27702,3060,13050,5449417,Counter-Strike: Global Offensive,https://static-cdn.jtvnw.net/jtv_user_pictures/1216f81a-2fdb-4df6-9eeb-972c191964fd-profile_image-300x300.png,DK,en,partner,Organization
twitch,gorgc,Gorgc,108268890,1376747,39142,18136,4555,4090,2922674,Dota 2,https://static-cdn.jtvnw.net/jtv_user_pictures/gorgc-profile_image-469e05d25a1e8594-300x300.jpeg,SE,en,partner,Male
twitch,paulinholokobr,PaulinhoLOKObr,531177917,1347399,131008,74169,1090,38152,5169872,Grand Theft Auto V,https://static-cdn.jtvnw.net/jtv_user_pictures/d96bbd7a-26e5-4c5e-b6a5-149d708a973b-profile_image-300x300.png,BR,pt,partner,Male
twitch,lvpes,LVPes,22346597,1317699,107456,24708,3200,5727,3008733,League of Legends,https://static-cdn.jtvnw.net/jtv_user_pictures/lvpes-profile_image-b9a288b926641fe4-300x300.png,ES,es,partner,Organization
twitch,kaicenat,KaiCenat,641972806,1271556,242412,82480,925,90106,8638243,Just Chatting,https://static-cdn.jtvnw.net/jtv_user_pictures/1d8cd548-04fa-49fb-bfcd-f222f73482b6-profile_image-300x300.png,US,en,partner,Male
twitch,summit1g,summit1g,26490481,1225566,31875,17699,4155,6463,2686039,Overwatch 2,https://static-cdn.jtvnw.net/jtv_user_pictures/99aa4739-21d6-40af-86ae-4b4d3457fce4-profile_image-300x300.png,US,en,partner,Male
twitch,halo,Halo,26019478,1150756,98574,35318,1955,11821,2653547,Halo Infinite,https://static-cdn.jtvnw.net/jtv_user_pictures/493836c1-9c9e-4792-9960-6887cfb1e385-profile_image-300x300.png,,en,partner,Organization
twitch,stylishnoob4,stylishnoob4,50988750,1146649,26419,16946,4060,3345,2703698,Overwatch 2,https://static-cdn.jtvnw.net/jtv_user_pictures/stylishnoob4-profile_image-08271f11296c16df-300x300.png,JP,ja,partner,Male
twitch,fextralife,Fextralife,156037856,1139618,42712,18284,3740,2505,6303476,Overwatch 2,https://static-cdn.jtvnw.net/jtv_user_pictures/a28b0d37-81d0-415a-8ed8-1a1f998ea26d-profile_image-300x300.png,,en,partner,Organization
twitch,otplol_,otplol_,622498423,1095870,85920,11416,5760,3914,3414248,League of Legends,https://static-cdn.jtvnw.net/jtv_user_pictures/787bd9dd-9367-45ed-a44d-d755427549b8-profile_image-300x300.png,FR,fr,partner,Organization
twitch,adinross,AdinRoss,59299632,954685,84381,52075,1100,26180,4064581,Just Chatting,https://static-cdn.jtvnw.net/jtv_user_pictures/10c197cb-295f-4d40-8a6c-26a0a5da22ee-profile_image-300x300.png,US,en,partner,Male
twitch,fps_shaka,fps_shaka,49207184,934545,40538,18030,3110,2606,2794486,VALORANT,https://static-cdn.jtvnw.net/jtv_user_pictures/61f568bf-884b-4126-b17c-fc525c6d3bd4-profile_image-300x300.png,JP,ja,partner,Male
twitch,castro_1021,Castro_1021,52091823,927814,41394,22358,2490,9639,2853601,FIFA 23,https://static-cdn.jtvnw.net/jtv_user_pictures/ed0f84d6-2d2d-4c4e-a5fe-7a3cc365684a-profile_image-300x300.jpg,US,en,partner,Male
twitch,trainwreckstv,Trainwreckstv,71190292,906690,42590,25482,2135,2254,2013994,Slots,https://static-cdn.jtvnw.net/jtv_user_pictures/1f47965f-7961-4b64-ad6f-71808d7d7fe9-profile_image-300x300.png,US,en,partner,Male
twitch,elmariana,ElMariana,496795673,891442,53356,36888,1450,39041,3630170,Just Chatting,https://static-cdn.jtvnw.net/jtv_user_pictures/0107210e-a98c-409d-92a6-1caf70bb3953-profile_image-300x300.png,MX,es,partner,Male
twitch,lla,LLA,142055874,887637,77779,45521,1170,5351,1291730,League of Legends,https://static-cdn.jtvnw.net/jtv_user_pictures/2944bdb8-bbd5-4cfc-9aa6-429a2d0b6789-profile_image-300x300.jpeg,,es,partner,Organization
twitch,dansgaming,DansGaming,7236692,865163,8268,5221,9945,1002,1161461,Darkwood,https://static-cdn.jtvnw.net/jtv_user_pictures/79c71a35-8944-41d7-b9cd-1aaaae4a53ee-profile_image-300x300.png,US,en,partner,Male
twitch,woowakgood,우왁굳,49045679,862198,31360,14866,3480,3211,2733813,Just Chatting,https://static-cdn.jtvnw.net/jtv_user_pictures/ebc60c08-721b-4572-8f51-8be7136a0c96-profile_image-300x300.png,KR,ko,partner,Male
twitch,tarik,tarik,36340781,855832,23768,14466,3550,9574,2700444,VALORANT,https://static-cdn.jtvnw.net/jtv_user_pictures/f04d2a14-8d63-4cd5-a469-7ec2cd6e5ce3-profile_image-300x300.png,US,en,partner,Male
twitch,betboom_ru,betboom_ru,129339704,853858,88432,31625,1620,6438,4922089,Dota 2,https://static-cdn.jtvnw.net/jtv_user_pictures/8b30d809-483a-476c-a012-3da78cb8e1a5-profile_image-300x300.png,RU,ru,partner,Organization
twitch,rubius,Rubius,39276140,834192,39725,23835,2100,21947,3635420,Minecraft,https://static-cdn.jtvnw.net/jtv_user_pictures/a2592e98-5ba6-4c9a-9d9e-cf036d6f64c2-profile_image-300x300.jpg,ES,es,partner,Male
twitch,lirik,LIRIK,23161357,797381,30849,17786,2690,834,2275644,A Plague Tale: Requiem,https://static-cdn.jtvnw.net/jtv_user_pictures/7ddf1f29-544d-4b88-bbed-16e74d836792-profile_image-300x300.png,US,en,partner,Male
twitch,westcol,WestCOL,168732568,791465,66147,37991,1250,39483,2513225,Just Chatting,https://static-cdn.jtvnw.net/jtv_user_pictures/239e349f-c0e4-4cc6-aec9-911224268e5b-profile_image-300x300.png,CO,es,partner,Male
twitch,antoinedaniel,AntoineDaniel,135468063,761801,45147,23807,1920,3451,2058136,Special Events,https://static-cdn.jtvnw.net/jtv_user_pictures/7474d9d8-ab27-46c8-95f4-0c71b1878c78-profile_image-300x300.png,FR,fr,partner,Male
twitch,rocketleague,RocketLeague,57781936,752235,72461,34586,1305,6382,1855914,Rocket League,https://static-cdn.jtvnw.net/jtv_user_pictures/4f182bee-012a-4955-9bd2-55d903f84276-profile_image-300x300.png,,en,partner,Organization
twitch,luquet4,LuquEt4,267635380,736288,54272,18840,2345,27643,2217465,Grand Theft Auto V,https://static-cdn.jtvnw.net/jtv_user_pictures/0863a8b0-7fdb-44a9-8212-680cfbaa38f9-profile_image-300x300.png,BR,pt,partner,Male
twitch,k3soju,k3soju,128293484,726910,17573,11184,3900,2511,1138597,Teamfight Tactics,https://static-cdn.jtvnw.net/jtv_user_pictures/50e4e7b2-ae1c-43dd-ae3a-243de06a9034-profile_image-300x300.png,US,en,partner,Male
twitch,handongsuk,한동숙,139470326,721517,25980,13424,3225,996,1859234,Lost Ark,https://static-cdn.jtvnw.net/jtv_user_pictures/c5a2baa2-74ed-4b72-b047-8326572c9bfa-profile_image-300x300.png,KR,ko,partner,Male
twitch,jltomy,JLTomy,155601320,707971,22229,12892,3295,2241,1969171,Grand Theft Auto V,https://static-cdn.jtvnw.net/jtv_user_pictures/aa2bc80a-e317-494a-a94d-7492889e4f66-profile_image-300x300.png,FR,fr,partner,Male
twitch,juansguarnizo,juansguarnizo,121510236,699677,48093,25677,1635,23556,3053664,Minecraft,https://static-cdn.jtvnw.net/jtv_user_pictures/74586414-e27b-4347-89c5-109e42ac3e1d-profile_image-300x300.png,CO,es,partner,Male
twitch,shroud,shroud,37402112,693261,42088,24760,1680,9636,3077219,Overwatch 2,https://static-cdn.jtvnw.net/jtv_user_pictures/7ed5e0c6-0191-4eef-8328-4af6e4ea5318-profile_image-300x300.png,CA,en,partner,Male
twitch,cblol,CBLOL,36511475,675156,62288,36996,1095,1984,1048386,League of Legends,https://static-cdn.jtvnw.net/jtv_user_pictures/537c6be6-37d3-4e01-a1fb-a56f8bda32ae-profile_image-300x300.png,BR,pt,partner,Organization
twitch,dafran,dafran,41314239,674331,31142,13624,2970,18887,1535710,Overwatch 2,https://static-cdn.jtvnw.net/jtv_user_pictures/dafran-profile_image-98c45a96ca6ad150-300x300.png,DK,en,partner,Male
twitch,a_seagull,A_Seagull,19070311,660875,31145,15551,2550,11572,1444127,Overwatch 2,https://static-cdn.jtvnw.net/jtv_user_pictures/a_seagull-profile_image-4d2d235688c7dc66-300x300.png,US,en,partner,Male
twitch,zackrawrr,zackrawrr,552120296,656116,19687,11411,3450,13230,1683284,World of Warcraft,https://static-cdn.jtvnw.net/jtv_user_pictures/a9ce83ba-c0bd-49cc-83bd-9d17647a211a-profile_image-300x300.png,US,en,without status,Male
twitch,tsm_imperialhal,TSM_ImperialHal,146922206,636444,21872,12794,2985,4401,1844508,Apex Legends,https://static-cdn.jtvnw.net/jtv_user_pictures/039b8034-2b66-4d30-97ec-15bf08f219d9-profile_image-300x300.png,US,en,partner,Male
twitch,loltyler1,loltyler1,51496027,615865,27653,17268,2140,8552,1731077,Overwatch 2,https://static-cdn.jtvnw.net/jtv_user_pictures/f3591dbe4ee3d94b-profile_image-300x300.png,US,en,partner,Male
twitch,dota2ti_es,dota2ti_es,131439345,604746,28764,12301,2950,18060,2272116,Dota 2,https://static-cdn.jtvnw.net/jtv_user_pictures/a050a4df-e016-4767-bef9-633cd11f7ff0-profile_image-300x300.png,,es,partner,Organization
twitch,trymacs,Trymacs,64342766,594791,33690,19663,1815,6697,1734275,Clash of Clans,https://static-cdn.jtvnw.net/jtv_user_pictures/22a56845-20d0-4e14-932e-0ec099b088eb-profile_image-300x300.png,DE,de,partner,Male
twitch,noway4u_sir,NoWay4u_Sir,85397463,593926,21884,14114,2525,1123,1077404,League of Legends,https://static-cdn.jtvnw.net/jtv_user_pictures/9e619d88755f56a8-profile_image-300x300.png,DE,de,partner,Male
twitch,alanzoka,alanzoka,38244180,592792,31748,17225,2065,9361,1829677,Call of Duty: Modern Warfare II,https://static-cdn.jtvnw.net/jtv_user_pictures/15cec952-c1ba-4ff8-a79c-53c2fa5bd269-profile_image-300x300.png,BR,pt,partner,Male
twitch,casimito,casimito,254489093,581358,47059,20951,1665,6460,1401878,Just Chatting,https://static-cdn.jtvnw.net/jtv_user_pictures/32805a78-d927-48bd-8089-bf5efed53ea4-profile_image-300x300.png,BR,pt,partner,Male
twitch,k4sen,k4sen,44525650,574401,27931,11413,3020,5561,1625251,Astroneer,https://static-cdn.jtvnw.net/jtv_user_pictures/794e906d-64d7-41ab-bb89-8fb159e4124b-profile_image-300x300.png,JP,ja,partner,Male
twitch,hanryang1125,풍월량,103825127,572087,18551,12978,2645,415,1275749,Bunker Life,https://static-cdn.jtvnw.net/jtv_user_pictures/7d354ef2-b2a8-4276-8c12-5be7f6301ae0-profile_image-300x300.png,KR,ko,partner,Male
twitch,nickmercs,NICKMERCS,15564828,571387,30565,17673,1940,2574,1825922,Apex Legends,https://static-cdn.jtvnw.net/jtv_user_pictures/b3c347ed-1a7a-40a2-8bee-8a7c4426eb33-profile_image-300x300.png,US,en,partner,Male
twitch,pgl_dota2en4,PGL_DOTA2EN4,194702141,569153,99928,27430,1245,10102,3603919,Dota 2,https://static-cdn.jtvnw.net/jtv_user_pictures/bc90f4eb-40bf-46bd-9d32-7ea2da2e38f3-profile_image-300x300.png,RO,en,partner,Organization
twitch,shuteye_orange,蝦愛橘子,25202416,552885,6934,3302,10050,337,382611,Just Chatting,https://static-cdn.jtvnw.net/jtv_user_pictures/e496689c-5e8f-44a6-8733-b3c5b6e17e19-profile_image-300x300.png,TW,zh,partner,Male
twitch,tumblurr,Tumblurr,77827128,547317,33579,14278,2300,4014,1705445,Just Chatting,https://static-cdn.jtvnw.net/jtv_user_pictures/8cabb91c-1fea-41f3-ac28-2938e918ead4-profile_image-300x300.jpeg,IT,it,partner,Male
twitch,mizkif,Mizkif,94753024,543651,33752,20581,1585,-7035,1732746,Just Chatting,https://static-cdn.jtvnw.net/jtv_user_pictures/ddd88d33-6c4f-424f-9246-5f4978c93148-profile_image-300x300.png,US,en,partner,Male
twitch,kamet0,Kamet0,27115917,537523,53335,14399,2240,2064,1851634,League of Legends,https://static-cdn.jtvnw.net/jtv_user_pictures/9e12862d-a8d0-4df2-81aa-e2241022dc98-profile_image-300x300.jpg,FR,fr,partner,Male
twitch,sodapoppin,sodapoppin,26301881,522790,33228,16169,1940,2335,1525946,Scorn,https://static-cdn.jtvnw.net/jtv_user_pictures/fc7b15b2-e400-4e74-8c8b-2ad3725e5770-profile_image-300x300.png,US,en,partner,Male
twitch,quin69,Quin69,56649026,520853,17408,10928,2860,1138,882399,Terraria,https://static-cdn.jtvnw.net/jtv_user_pictures/2f5addde-fd0d-4a10-82a9-ea91ebb17f8d-profile_image-300x300.png,NZ,en,partner,Male
twitch,elraenn,Elraenn,165080419,506850,31505,19621,1550,8134,2110881,Ranch Simulator,https://static-cdn.jtvnw.net/jtv_user_pictures/0294fec8-8572-4517-9b60-12e0705a8893-profile_image-300x300.png,TR,tr,partner,Male
twitch,granhermanolive,GranHermanoLive,838404399,504728,38076,8691,3485,88466,,Special Events,https://static-cdn.jtvnw.net/jtv_user_pictures/0e4212ae-1913-41c4-b71e-f3942c7c3933-profile_image-300x300.png,,es,without status,Organization
twitch,gabepeixe,gabepeixe,59799994,496420,17231,9109,3270,6866,4552160,Grand Theft Auto V,https://static-cdn.jtvnw.net/jtv_user_pictures/5bb6bc7d-4371-4f10-8827-7dc925f83230-profile_image-300x300.png,BR,pt,partner,Male
twitch,yourragegaming,yourragegaming,36926489,495733,95809,23892,1245,15968,2370123,Just Chatting,https://static-cdn.jtvnw.net/jtv_user_pictures/70c63d12-ecae-485c-9bca-3d3f3ad5782a-profile_image-300x300.png,US,en,partner,Male
twitch,penta,PENTA,84316241,475243,11083,6140,4645,1085,617936,Grand Theft Auto V,https://static-cdn.jtvnw.net/jtv_user_pictures/2a74b7da-4c2f-4a20-8a02-c7d77064c281-profile_image-300x300.png,US,en,partner,Male
twitch,ml7support,mL7support,51929371,461338,19011,8719,3175,9856,888657,Overwatch 2,https://static-cdn.jtvnw.net/jtv_user_pictures/94286e18-367b-4795-98a5-d8dd530d4d0a-profile_image-300x300.png,RO,en,partner,Male
twitch,hiswattson,HisWattson,123182260,455024,10824,7019,3890,9962,1297636,Apex Legends,https://static-cdn.jtvnw.net/jtv_user_pictures/e44c46fc-5244-4a88-9ac4-4b859c242904-profile_image-300x300.png,US,en,partner,Male
twitch,cohhcarnage,CohhCarnage,26610234,451668,15686,8018,3380,734,614118,A Plague Tale: Requiem,https://static-cdn.jtvnw.net/jtv_user_pictures/148c3b8a-a78b-4139-a429-7d3d90ce8a27-profile_image-300x300.png,US,en,partner,Male
twitch,amouranth,Amouranth,125387632,443256,82294,25947,1025,53294,3950735,Overwatch 2,https://static-cdn.jtvnw.net/jtv_user_pictures/73a412eb-6d1c-4a1d-8711-aca8e1d144cb-profile_image-300x300.png,US,en,partner,Female
twitch,tfue,Tfue,60056333,439765,17419,11498,2295,7764,1773438,Fortnite,https://static-cdn.jtvnw.net/jtv_user_pictures/82b63a01-628f-4c81-9b05-dd3a5011fdda-profile_image-300x300.png,US,en,partner,Male
twitch,emongg,Emongg,23220337,438503,23101,6505,4045,9532,812438,Overwatch 2,https://static-cdn.jtvnw.net/jtv_user_pictures/10c36ad0a4756df8-profile_image-300x300.png,US,en,partner,Male
twitch,obm1025,오킹,166079347,438494,13558,6952,3785,10984,1872920,Just Chatting,https://static-cdn.jtvnw.net/jtv_user_pictures/0bd71b32-6417-471c-8196-d58df1a0105d-profile_image-300x300.jpg,KR,ko,partner,Male
twitch,sinatraa,sinatraa,138094916,437342,23209,10822,2425,12332,598640,Overwatch 2,https://static-cdn.jtvnw.net/jtv_user_pictures/d5de7613-5632-4c20-bf83-132f5e4c28ac-profile_image-300x300.png,US,en,partner,Male
twitch,nmplol,Nmplol,21841789,436577,30039,15230,1720,1302,1334018,Just Chatting,https://static-cdn.jtvnw.net/jtv_user_pictures/e4d9bf96-311d-487a-b5eb-9f9a94e0f795-profile_image-300x300.png,US,en,partner,Male
twitch,rebirthztv,RebirthzTV,49839696,431381,24608,11109,2330,3310,1725001,Grand Theft Auto V,https://static-cdn.jtvnw.net/jtv_user_pictures/fe4f106094bd5f06-profile_image-300x300.png,TH,th,partner,Male
twitch,ponce,Ponce,50597026,430154,19490,8533,3025,1606,1390119,Maitre des Fleurs,https://static-cdn.jtvnw.net/jtv_user_pictures/125bbc49-45d1-432c-92b3-f5aef1e7ab21-profile_image-300x300.png,FR,fr,partner,Male
twitch,elajjaz,Elajjaz,26921830,426107,10445,7054,3625,247,727016,Silent Hill: Homecoming,https://static-cdn.jtvnw.net/jtv_user_pictures/elajjaz-profile_image-fcfc55e0804b6bfd-300x300.png,SE,en,partner,Male
twitch,pgl_dota2en2,PGL_DOTA2EN2,194701696,418248,77914,21268,1180,5975,3015823,Dota 2,https://static-cdn.jtvnw.net/jtv_user_pictures/688a6429-24da-42cf-9b10-44894012de37-profile_image-300x300.png,RO,en,partner,Organization
twitch,lilpaaaaaa,릴파_,169700336,411749,16414,8594,2875,3414,1584881,Brotato,https://static-cdn.jtvnw.net/jtv_user_pictures/3b5e6d73-8935-449f-902b-1b94a386e137-profile_image-300x300.png,KR,ko,partner,Female
twitch,kyedae,Kyedae,445529741,410313,13487,9052,2720,18397,1594624,VALORANT,https://static-cdn.jtvnw.net/jtv_user_pictures/d7bab577-5fec-4ce7-9410-6bd46e0bce87-profile_image-300x300.png,CA,en,partner,Female
twitch,sleepy,slEEPy,135052907,403464,15282,5465,4430,12098,866490,Overwatch 2,https://static-cdn.jtvnw.net/jtv_user_pictures/sleepy-profile_image-407c8ad000eca3ff-300x300.jpeg,US,en,partner,Male
twitch,knekro,knekro,152633332,402218,36772,14239,1695,7455,1118765,Pokémon Community Game,https://static-cdn.jtvnw.net/jtv_user_pictures/5b73f4b998324548-profile_image-300x300.jpeg,ES,es,partner,Male
twitch,aceu,aceu,88946548,397253,21546,13354,1785,6721,1265974,Overwatch 2,https://static-cdn.jtvnw.net/jtv_user_pictures/c7a4c96e-a434-4dfa-9bcf-6190995dd536-profile_image-300x300.png,US,en,partner,Male
twitch,moistcr1tikal,moistcr1tikal,132230344,396723,23075,12176,1955,12490,918443,Gotham Knights,https://static-cdn.jtvnw.net/jtv_user_pictures/df6f775d-8794-4cbe-aa85-dbdc72975696-profile_image-300x300.png,US,en,partner,Male
twitch,pgl_dota2en3,PGL_DOTA2EN3,194701994,394867,85044,17231,1375,8596,2729487,Dota 2,https://static-cdn.jtvnw.net/jtv_user_pictures/ca399b83-54bb-4e92-84f3-2f614fe56d52-profile_image-300x300.png,RO,en,partner,Organization
twitch,summonersinnlive,SummonersInnLive,40336240,391113,33328,9350,2510,1135,701732,League of Legends,https://static-cdn.jtvnw.net/jtv_user_pictures/09591203-8837-4d41-abd7-2f2e5ab5e451-profile_image-300x300.png,DE,de,partner,Organization
twitch,redbull,RedBull,44426109,381683,36717,14051,1630,10308,909398,Age of Empires II,https://static-cdn.jtvnw.net/jtv_user_pictures/cd0c92a3-96d1-411b-90c5-ac3f29d86485-profile_image-300x300.png,,en,partner,Organization
twitch,quickybaby,QuickyBaby,30623831,381559,14668,7122,3215,1948,485004,World of Tanks,https://static-cdn.jtvnw.net/jtv_user_pictures/53be9f2e-05d2-42fa-98f3-d392d8f7769f-profile_image-300x300.png,GB,en,partner,Male
twitch,rpglimitbreak,RPGLimitBreak,70518383,380744,13924,2522,9060,1719,611943,Stranger of Paradise: Final Fantasy Origin,https://static-cdn.jtvnw.net/jtv_user_pictures/rpglimitbreak-profile_image-98d82ef8f9414067-300x300.png,,en,partner,Organization
twitch,gronkh,GRONKH,12875057,380319,34048,19588,1165,3031,,Just Chatting,https://static-cdn.jtvnw.net/jtv_user_pictures/gronkh-profile_image-76b34139eaa46bb5-300x300.png,DE,de,partner,Male
twitch,betboom_ru2,betboom_ru2,132188086,380090,67334,16118,1415,5009,2398535,Dota 2,https://static-cdn.jtvnw.net/jtv_user_pictures/34d8db4e-f497-4efb-b456-f8a33dada021-profile_image-300x300.png,RU,ru,partner,Organization
twitch,moonmoon,MOONMOON,121059319,378230,17014,11180,2030,215,812572,PGA Tour 2K23,https://static-cdn.jtvnw.net/jtv_user_pictures/3973e918fe7cc8c8-profile_image-300x300.png,US,en,partner,Male
twitch,jerma985,Jerma985,23936415,373812,20286,15796,1420,11354,944068,Scorn,https://static-cdn.jtvnw.net/jtv_user_pictures/jerma985-profile_image-447425e773e6fd5c-300x300.jpeg,US,en,partner,Male
